{"cameraMode":{"drawMode":0,"name":"Shaded","section":"Shading Mode"},"sceneLighting":true,"audioPlay":false,"sceneViewState":{"m_AlwaysRefresh":false,"showFog":true,"showSkybox":true,"showFlares":true,"showImageEffects":true,"showParticleSystems":true,"showVisualEffectGraphs":true,"m_FxEnabled":true},"in2DMode":false,"pivot":{"x":-15.498523712158204,"y":2.1577916145324709,"z":3.872439384460449},"rotation":{"x":0.12693142890930177,"y":-0.6997881531715393,"z":0.1285029798746109,"w":0.6911603808403015},"size":2.1940195560455324,"orthographic":false}