{"cameraMode":{"drawMode":0,"name":"Shaded","section":"Shading Mode"},"sceneLighting":true,"audioPlay":false,"sceneViewState":{"m_AlwaysRefresh":false,"showFog":true,"showSkybox":true,"showFlares":true,"showImageEffects":true,"showParticleSystems":true,"showVisualEffectGraphs":true,"m_FxEnabled":true},"in2DMode":false,"pivot":{"x":11.014688491821289,"y":2.2924935817718508,"z":1.5448468923568726},"rotation":{"x":0.01748775504529476,"y":-0.944688081741333,"z":0.32389572262763979,"w":0.05101269483566284},"size":4.297773361206055,"orthographic":false}