{"cameraMode":{"drawMode":0,"name":"Shaded","section":"Shading Mode"},"sceneLighting":true,"audioPlay":false,"sceneViewState":{"m_AlwaysRefresh":false,"showFog":true,"showSkybox":true,"showFlares":true,"showImageEffects":true,"showParticleSystems":true,"showVisualEffectGraphs":true,"m_FxEnabled":true},"in2DMode":false,"pivot":{"x":340.256591796875,"y":407.1659851074219,"z":-12.379606246948243},"rotation":{"x":-0.08399322628974915,"y":-0.024900559335947038,"z":0.002117021707817912,"w":-0.9961798787117004},"size":193.7317657470703,"orthographic":false}